Title,Company,Reward,Link
플러터 개발자 (3년 이상),다이노즈,합격보상금 100만원,https://www.wanted.co.kr/wd/203296
모바일 개발자 (Flutter),포들러스,합격보상금 100만원,https://www.wanted.co.kr/wd/220875
프론트엔드(web/플러터) 엔지니어 (제주본사/판교근무),피플밤,합격보상금 100만원,https://www.wanted.co.kr/wd/220848
플러터 개발자,모노리스,합격보상금 100만원,https://www.wanted.co.kr/wd/194856
웹/모바일 클라이언트(React/Flutter) 개발자,엘에스엠케이(LSMK),합격보상금 100만원,https://www.wanted.co.kr/wd/214936
크로스플랫폼 앱 개발자(Flutter) (SW팀),이노버스,합격보상금 100만원,https://www.wanted.co.kr/wd/214854
Flutter 모바일 개발자,헥슬란트,합격보상금 100만원,https://www.wanted.co.kr/wd/218591
[Plus]Flutter 개발자,앤서스랩코리아,합격보상금 100만원,https://www.wanted.co.kr/wd/214495
플러터 개발자 (3년 이상),다이노즈,합격보상금 100만원,https://www.wanted.co.kr/wd/203296
모바일 개발자 (Flutter),포들러스,합격보상금 100만원,https://www.wanted.co.kr/wd/220875
프론트엔드(web/플러터) 엔지니어 (제주본사/판교근무),피플밤,합격보상금 100만원,https://www.wanted.co.kr/wd/220848
플러터 개발자,모노리스,합격보상금 100만원,https://www.wanted.co.kr/wd/194856
웹/모바일 클라이언트(React/Flutter) 개발자,엘에스엠케이(LSMK),합격보상금 100만원,https://www.wanted.co.kr/wd/214936
크로스플랫폼 앱 개발자(Flutter) (SW팀),이노버스,합격보상금 100만원,https://www.wanted.co.kr/wd/214854
Flutter 모바일 개발자,헥슬란트,합격보상금 100만원,https://www.wanted.co.kr/wd/218591
[Plus]Flutter 개발자,앤서스랩코리아,합격보상금 100만원,https://www.wanted.co.kr/wd/214495
Flutter 앱 & Node.js 개발자(신입 지원가능),인졀미,합격보상금 100만원,https://www.wanted.co.kr/wd/210056
모바일/웹 클라이언트(flutter) 개발자(1년),스쿨버스,합격보상금 100만원,https://www.wanted.co.kr/wd/201909
Mobile (Flutter) 개발자 (4년 이상),큐픽스,합격보상금 100만원,https://www.wanted.co.kr/wd/207359
Flutter 모바일 개발,버터플라잉,합격보상금 100만원,https://www.wanted.co.kr/wd/215084
